<PockerPoints>
    <Pocker>
        <points name="Jiahao" point="13"></Points>
        <points name="Minqi" point="13"></Points>
        <points name="Penelope" point="13"></Points>
        <points name="Chenhao" point="13"></Points>
        <points name="Winter" point="13"></Points>
    </Pocker>
    
    <UserStory id="1" point="65"><UserStory>
    <UserStory id="2" point="65"><UserStory>
    <UserStory id="3" point="65"><UserStory>
    <UserStory id="4" point="65"><UserStory>
    <UserStory id="5" point="25"><UserStory>
    <UserStory id="6" point="65"><UserStory>
    <UserStory id="7" point="105"><UserStory>
    <UserStory id="8" point="275"><UserStory>
    <UserStory id="9" point="105"><UserStory>
    <UserStory id="10" point="25"><UserStory>
    <UserStory id="11" point="450"><UserStory>
    <UserStory id="12" point="450"><UserStory>
    <UserStory id="13" point="275"><UserStory>
    <UserStory id="14" point="625"><UserStory>
    <UserStory id="15" point="625"><UserStory>
    <UserStory id="16" point="625"><UserStory>
    <UserStory id="17" point="450"><UserStory>
    <UserStory id="18" point="450"><UserStory>
    <UserStory id="19" point="65"><UserStory>
    <UserStory id="20" point="65"><UserStory>
    <UserStory id="21" point="450"><UserStory>
    <UserStory id="22" point="65"><UserStory>
    <UserStory id="23" point="450"><UserStory>
    <UserStory id="24" point="10"><UserStory>
    <UserStory id="25" point="65"><UserStory>
    <UserStory id="26" point="10"><UserStory>
    <UserStory id="27" point="10"><UserStory>
    <UserStory id="28" point="65"><UserStory>
    <UserStory id="29" point="450"><UserStory>
    <UserStory id="30" point="15"><UserStory>
    <UserStory id="31" point="450"><UserStory>
    <UserStory id="32" point="15"><UserStory>
    <UserStory id="33" point="750"><UserStory>
    <UserStory id="34" point="275"><UserStory>
    <UserStory id="35" point="275"><UserStory>
    <UserStory id="36" point="65"><UserStory>
    <UserStory id="37" point="25"><UserStory>
    <UserStory id="38" point="65"><UserStory>
    <UserStory id="39" point="750"><UserStory>
    <UserStory id="40" point="750"><UserStory>
    <UserStory id="41" point="15"><UserStory>
    <UserStory id="42" point="15"><UserStory>
    <UserStory id="43" point="25"><UserStory>
    <UserStory id="44" point="450"><UserStory>
    <UserStory id="45" point="25"><UserStory>
    <UserStory id="46" point="750"><UserStory>
    <UserStory id="47" point="65"><UserStory>
    <UserStory id="48" point="105"><UserStory>

</pockerPoints>